<?xml version="1.0" encoding="UTF-8"?>
<project-private xmlns="http://www.netbeans.org/ns/project-private/1">
    <editor-bookmarks xmlns="http://www.netbeans.org/ns/editor-bookmarks/2" lastBookmarkId="0"/>
    <open-files xmlns="http://www.netbeans.org/ns/projectui-open-files/2">
        <group>
            <file>file:/Users/marccasellas/Documents/GitHub/FIB-AD/Laboratori/P3/P3_SOAP_JSP_Client/web/buscarImagenOK.jsp</file>
            <file>file:/Users/marccasellas/Documents/GitHub/FIB-AD/Laboratori/P3/P3_SOAP_JSP_Client/web/buscarImagen.jsp</file>
            <file>file:/Users/marccasellas/Documents/GitHub/FIB-AD/Laboratori/P3/P3_SOAP_JSP_Client/web/menu.jsp</file>
            <file>file:/Users/marccasellas/Documents/GitHub/FIB-AD/Laboratori/P3/P3_SOAP_JSP_Client/web/UploadOK.jsp</file>
            <file>file:/Users/marccasellas/Documents/GitHub/FIB-AD/Laboratori/P3/P3_SOAP_JSP_Client/web/login.jsp</file>
            <file>file:/Users/marccasellas/Documents/GitHub/FIB-AD/Laboratori/P3/P3_SOAP_JSP_Client/web/modificarImagen.jsp</file>
            <file>file:/Users/marccasellas/Documents/GitHub/FIB-AD/Laboratori/P3/P3_SOAP_JSP_Client/web/list.jsp</file>
            <file>file:/Users/marccasellas/Documents/GitHub/FIB-AD/Laboratori/P3/P3_SOAP_JSP_Client/web/registrarImagen.jsp</file>
        </group>
    </open-files>
</project-private>
