<?xml version="1.0" encoding="UTF-8"?>
<jax-ws xmlns="http://www.netbeans.org/ns/jax-ws/1">
  <services/>
  <clients>
    <client name="FotOkWS">
      <wsdl-url>file:/Users/marccasellas/Documents/GitHub/FIB-AD/Laboratori/P3/P3_SOAP_Client_Application/xml-resources/web-service-references/FotOkWS/wsdl/localhost_8080/P3_SOAP/FotOkWS.wsdl</wsdl-url>
      <local-wsdl-file>FotOkWS.wsdl</local-wsdl-file>
      <package-name>server</package-name>
      <catalog-file>catalog.xml</catalog-file>
      <wsimport-options>
        <wsimport-option>
          <wsimport-option-name>extension</wsimport-option-name>
          <wsimport-option-value>true</wsimport-option-value>
        </wsimport-option>
        <wsimport-option>
          <wsimport-option-name>verbose</wsimport-option-name>
          <wsimport-option-value>true</wsimport-option-value>
        </wsimport-option>
        <wsimport-option>
          <wsimport-option-name>fork</wsimport-option-name>
          <wsimport-option-value>false</wsimport-option-value>
        </wsimport-option>
        <wsimport-option>
          <wsimport-option-name>wsdlLocation</wsimport-option-name>
          <wsimport-option-value>file:/Users/marccasellas/Documents/GitHub/FIB-AD/Laboratori/P3/P3_SOAP_Client_Application/xml-resources/web-service-references/FotOkWS/wsdl/localhost_8080/P3_SOAP/FotOkWS.wsdl</wsimport-option-value>
        </wsimport-option>
        <wsimport-option>
          <wsimport-option-name>xnocompile</wsimport-option-name>
          <wsimport-option-value>true</wsimport-option-value>
        </wsimport-option>
        <wsimport-option>
          <wsimport-option-name>xendorsed</wsimport-option-name>
          <wsimport-option-value>true</wsimport-option-value>
        </wsimport-option>
      </wsimport-options>
    </client>
  </clients>
</jax-ws>
